{
  "package": "who.smart.base",
  "version": "0.1.0",
  "fhirVersion": "5.0.0",
  "extensions": [],
  "profiles": {
    "PlanDefinition": [
      {
        "url": "http://smart.who.int/ig/base/StructureDefinition/SGBusinessProcess",
        "title": "SGBusinessProcess"
      }
    ],
    "CodeSystem": [
      {
        "url": "http://smart.who.int/ig/base/StructureDefinition/SGCodeSystem",
        "title": "SGCodeSystem"
      }
    ],
    "ImplementationGuide": [
      {
        "url": "http://smart.who.int/ig/base/StructureDefinition/SGImplementationGuide",
        "title": "SGImplementationGuide"
      }
    ],
    "StructureDefinition": [
      {
        "url": "http://smart.who.int/ig/base/StructureDefinition/SGLogicalModel",
        "title": "SGLogicalModel"
      }
    ],
    "Measure": [
      {
        "url": "http://smart.who.int/ig/base/StructureDefinition/SGMeasure",
        "title": "SGMeasure"
      }
    ],
    "ActorDefinition": [
      {
        "url": "http://smart.who.int/ig/base/StructureDefinition/SGPersona",
        "title": "SGPersona"
      }
    ],
    "ValueSet": [
      {
        "url": "http://smart.who.int/ig/base/StructureDefinition/SGValueSet",
        "title": "SGValueSet"
      }
    ]
  },
  "usage": {
    "http://hl7.org/fhir/StructureDefinition/elementdefinition-bestpractice": [
      "StructureDefinition.snapshot.element.constraint"
    ],
    "http://hl7.org/fhir/StructureDefinition/elementdefinition-bestpractice-explanation": [
      "StructureDefinition.snapshot.element.constraint"
    ],
    "http://hl7.org/fhir/StructureDefinition/elementdefinition-bindingName": [
      "StructureDefinition.snapshot.element.binding"
    ],
    "http://hl7.org/fhir/StructureDefinition/elementdefinition-isCommonBinding": [
      "StructureDefinition.snapshot.element.binding"
    ],
    "http://hl7.org/fhir/StructureDefinition/elementdefinition-translatable": [
      "StructureDefinition.snapshot.element"
    ],
    "http://hl7.org/fhir/StructureDefinition/structuredefinition-explicit-type-name": [
      "StructureDefinition.snapshot.element"
    ],
    "http://hl7.org/fhir/StructureDefinition/structuredefinition-fhir-type": [
      "StructureDefinition.snapshot.element.type"
    ],
    "http://hl7.org/fhir/StructureDefinition/structuredefinition-hierarchy": [
      "StructureDefinition.snapshot.element.type"
    ],
    "http://hl7.org/fhir/StructureDefinition/structuredefinition-implements": [
      "StructureDefinition"
    ],
    "http://hl7.org/fhir/StructureDefinition/structuredefinition-standards-status": [
      "StructureDefinition.snapshot.element"
    ],
    "http://hl7.org/fhir/tools/StructureDefinition/binding-definition": [
      "StructureDefinition.snapshot.element.binding"
    ],
    "http://hl7.org/fhir/tools/StructureDefinition/ig-internal-dependency": [
      "ImplementationGuide.definition"
    ],
    "http://hl7.org/fhir/tools/StructureDefinition/implementationguide-dependency-comment": [
      "ImplementationGuide.dependsOn"
    ],
    "http://hl7.org/fhir/tools/StructureDefinition/no-binding": [
      "StructureDefinition.snapshot.element"
    ],
    "http://hl7.org/fhir/tools/StructureDefinition/resource-information": [
      "ImplementationGuide.definition.resource"
    ]
  }
}