<?xml version="1.0" encoding="UTF-8"?>

<StructureDefinition xmlns="http://hl7.org/fhir">
  <id value="SGPersona"/>
  <text>
    <status value="extensions"/><div xmlns="http://www.w3.org/1999/xhtml">Placeholder</div>
  </text>
  <extension url="http://hl7.org/fhir/StructureDefinition/structuredefinition-implements">
    <valueUri value="http://hl7.org/fhir/StructureDefinition/CanonicalResource"/>
  </extension>
  <url value="http://worldhealthorganization.github.io/smart-base/StructureDefinition/SGPersona"/>
  <version value="0.1.0"/>
  <name value="SGPersona"/>
  <status value="draft"/>
  <date value="2023-09-26T06:09:33+00:00"/>
  <publisher value="WHO"/>
  <contact>
    <name value="WHO"/>
    <telecom>
      <system value="url"/>
      <value value="http://who.int"/>
    </telecom>
  </contact>
  <fhirVersion value="5.0.0"/>
  <mapping>
    <identity value="w5"/>
    <uri value="http://hl7.org/fhir/fivews"/>
    <name value="FiveWs Pattern Mapping"/>
  </mapping>
  <mapping>
    <identity value="rim"/>
    <uri value="http://hl7.org/v3"/>
    <name value="RIM Mapping"/>
  </mapping>
  <kind value="resource"/>
  <abstract value="false"/>
  <type value="ActorDefinition"/>
  <baseDefinition value="http://hl7.org/fhir/StructureDefinition/ActorDefinition"/>
  <derivation value="constraint"/>
  <snapshot>
    <element id="ActorDefinition">
      <path value="ActorDefinition"/>
      <short value="An application that exchanges data"/>
      <definition value="Describes an actor - a human or an application that plays a role in data exchange, and that may have obligations associated with the role the actor plays."/>
      <min value="0"/>
      <max value="*"/>
      <base>
        <path value="ActorDefinition"/>
        <min value="0"/>
        <max value="*"/>
      </base>
      <constraint>
        <key value="cnl-0"/>
        <severity value="warning"/>
        <human value="Name should be usable as an identifier for the module by machine processing applications such as code generation"/>
        <expression value="name.exists() implies name.matches('^[A-Z]([A-Za-z0-9_]){1,254}$')"/>
        <source value="http://hl7.org/fhir/StructureDefinition/ActorDefinition"/>
      </constraint>
      <mustSupport value="false"/>
      <isModifier value="false"/>
      <isSummary value="false"/>
      <mapping>
        <identity value="w5"/>
        <map value="conformance.behavior,conformance.content"/>
      </mapping>
    </element>
    <element id="ActorDefinition.id">
      <path value="ActorDefinition.id"/>
      <short value="Logical id of this artifact"/>
      <definition value="The logical id of the resource, as used in the URL for the resource. Once assigned, this value never changes."/>
      <comment value="Within the context of the FHIR RESTful interactions, the resource has an id except for cases like the create and conditional update. Otherwise, the use of the resouce id depends on the given use case."/>
      <min value="0"/>
      <max value="1"/>
      <base>
        <path value="Resource.id"/>
        <min value="0"/>
        <max value="1"/>
      </base>
      <type>
        <extension url="http://hl7.org/fhir/StructureDefinition/structuredefinition-fhir-type">
          <valueUrl value="id"/>
        </extension>
        <code value="http://hl7.org/fhirpath/System.String"/>
      </type>
      <mustSupport value="false"/>
      <isModifier value="false"/>
      <isSummary value="true"/>
    </element>
    <element id="ActorDefinition.meta">
      <path value="ActorDefinition.meta"/>
      <short value="Metadata about the resource"/>
      <definition value="The metadata about the resource. This is content that is maintained by the infrastructure. Changes to the content might not always be associated with version changes to the resource."/>
      <min value="0"/>
      <max value="1"/>
      <base>
        <path value="Resource.meta"/>
        <min value="0"/>
        <max value="1"/>
      </base>
      <type>
        <code value="Meta"/>
      </type>
      <constraint>
        <key value="ele-1"/>
        <severity value="error"/>
        <human value="All FHIR elements must have a @value or children"/>
        <expression value="hasValue() or (children().count() &gt; id.count())"/>
        <source value="http://hl7.org/fhir/StructureDefinition/Element"/>
      </constraint>
      <mustSupport value="false"/>
      <isModifier value="false"/>
      <isSummary value="true"/>
    </element>
    <element id="ActorDefinition.implicitRules">
      <path value="ActorDefinition.implicitRules"/>
      <short value="A set of rules under which this content was created"/>
      <definition value="A reference to a set of rules that were followed when the resource was constructed, and which must be understood when processing the content. Often, this is a reference to an implementation guide that defines the special rules along with other profiles etc."/>
      <comment value="Asserting this rule set restricts the content to be only understood by a limited set of trading partners. This inherently limits the usefulness of the data in the long term. However, the existing health eco-system is highly fractured, and not yet ready to define, collect, and exchange data in a generally computable sense. Wherever possible, implementers and/or specification writers should avoid using this element. Often, when used, the URL is a reference to an implementation guide that defines these special rules as part of its narrative along with other profiles, value sets, etc."/>
      <min value="0"/>
      <max value="1"/>
      <base>
        <path value="Resource.implicitRules"/>
        <min value="0"/>
        <max value="1"/>
      </base>
      <type>
        <code value="uri"/>
      </type>
      <constraint>
        <key value="ele-1"/>
        <severity value="error"/>
        <human value="All FHIR elements must have a @value or children"/>
        <expression value="hasValue() or (children().count() &gt; id.count())"/>
        <source value="http://hl7.org/fhir/StructureDefinition/Element"/>
      </constraint>
      <mustSupport value="false"/>
      <isModifier value="true"/>
      <isModifierReason value="This element is labeled as a modifier because the implicit rules may provide additional knowledge about the resource that modifies its meaning or interpretation"/>
      <isSummary value="true"/>
    </element>
    <element id="ActorDefinition.language">
      <path value="ActorDefinition.language"/>
      <short value="Language of the resource content"/>
      <definition value="The base language in which the resource is written."/>
      <comment value="Language is provided to support indexing and accessibility (typically, services such as text to speech use the language tag). The html language tag in the narrative applies  to the narrative. The language tag on the resource may be used to specify the language of other presentations generated from the data in the resource. Not all the content has to be in the base language. The Resource.language should not be assumed to apply to the narrative automatically. If a language is specified, it should it also be specified on the div element in the html (see rules in HTML5 for information about the relationship between xml:lang and the html lang attribute)."/>
      <min value="0"/>
      <max value="1"/>
      <base>
        <path value="Resource.language"/>
        <min value="0"/>
        <max value="1"/>
      </base>
      <type>
        <code value="code"/>
      </type>
      <constraint>
        <key value="ele-1"/>
        <severity value="error"/>
        <human value="All FHIR elements must have a @value or children"/>
        <expression value="hasValue() or (children().count() &gt; id.count())"/>
        <source value="http://hl7.org/fhir/StructureDefinition/Element"/>
      </constraint>
      <mustSupport value="false"/>
      <isModifier value="false"/>
      <isSummary value="false"/>
      <binding>
        <extension url="http://hl7.org/fhir/StructureDefinition/elementdefinition-bindingName">
          <valueString value="Language"/>
        </extension>
        <extension url="http://hl7.org/fhir/StructureDefinition/elementdefinition-isCommonBinding">
          <valueBoolean value="true"/>
        </extension>
        <strength value="required"/>
        <description value="IETF language tag for a human language"/>
        <valueSet value="http://hl7.org/fhir/ValueSet/all-languages|5.0.0"/>
        <additional>
          <purpose value="starter"/>
          <valueSet value="http://hl7.org/fhir/ValueSet/languages"/>
        </additional>
      </binding>
    </element>
    <element id="ActorDefinition.text">
      <path value="ActorDefinition.text"/>
      <short value="Text summary of the resource, for human interpretation"/>
      <definition value="A human-readable narrative that contains a summary of the resource and can be used to represent the content of the resource to a human. The narrative need not encode all the structured data, but is required to contain sufficient detail to make it &quot;clinically safe&quot; for a human to just read the narrative. Resource definitions may define what content should be represented in the narrative to ensure clinical safety."/>
      <comment value="Contained resources do not have a narrative. Resources that are not contained SHOULD have a narrative. In some cases, a resource may only have text with little or no additional discrete data (as long as all minOccurs=1 elements are satisfied).  This may be necessary for data from legacy systems where information is captured as a &quot;text blob&quot; or where text is additionally entered raw or narrated and encoded information is added later."/>
      <alias value="narrative"/>
      <alias value="html"/>
      <alias value="xhtml"/>
      <alias value="display"/>
      <min value="0"/>
      <max value="1"/>
      <base>
        <path value="DomainResource.text"/>
        <min value="0"/>
        <max value="1"/>
      </base>
      <type>
        <code value="Narrative"/>
      </type>
      <condition value="dom-6"/>
      <constraint>
        <key value="ele-1"/>
        <severity value="error"/>
        <human value="All FHIR elements must have a @value or children"/>
        <expression value="hasValue() or (children().count() &gt; id.count())"/>
        <source value="http://hl7.org/fhir/StructureDefinition/Element"/>
      </constraint>
      <mustSupport value="false"/>
      <isModifier value="false"/>
      <isSummary value="false"/>
      <mapping>
        <identity value="rim"/>
        <map value="Act.text?"/>
      </mapping>
    </element>
    <element id="ActorDefinition.contained">
      <path value="ActorDefinition.contained"/>
      <short value="Contained, inline Resources"/>
      <definition value="These resources do not have an independent existence apart from the resource that contains them - they cannot be identified independently, nor can they have their own independent transaction scope. This is allowed to be a Parameters resource if and only if it is referenced by a resource that provides context/meaning."/>
      <comment value="This should never be done when the content can be identified properly, as once identification is lost, it is extremely difficult (and context dependent) to restore it again. Contained resources may have profiles and tags in their meta elements, but SHALL NOT have security labels."/>
      <alias value="inline resources"/>
      <alias value="anonymous resources"/>
      <alias value="contained resources"/>
      <min value="0"/>
      <max value="*"/>
      <base>
        <path value="DomainResource.contained"/>
        <min value="0"/>
        <max value="*"/>
      </base>
      <type>
        <code value="Resource"/>
      </type>
      <condition value="dom-2"/>
      <condition value="dom-4"/>
      <condition value="dom-3"/>
      <condition value="dom-5"/>
      <mustSupport value="false"/>
      <isModifier value="false"/>
      <isSummary value="false"/>
      <mapping>
        <identity value="rim"/>
        <map value="N/A"/>
      </mapping>
    </element>
    <element id="ActorDefinition.extension">
      <path value="ActorDefinition.extension"/>
      <short value="Additional content defined by implementations"/>
      <definition value="May be used to represent additional information that is not part of the basic definition of the resource. To make the use of extensions safe and managable, there is a strict set of governance applied to the definition and use of extensions. Though any implementer can define an extension, there is a set of requirements that SHALL be met as part of the definition of the extension."/>
      <comment value="There can be no stigma associated with the use of extensions by any application, project, or standard - regardless of the institution or jurisdiction that uses or defines the extensions.  The use of extensions is what allows the FHIR specification to retain a core level of simplicity for everyone."/>
      <alias value="extensions"/>
      <alias value="user content"/>
      <min value="0"/>
      <max value="*"/>
      <base>
        <path value="DomainResource.extension"/>
        <min value="0"/>
        <max value="*"/>
      </base>
      <type>
        <code value="Extension"/>
      </type>
      <constraint>
        <key value="ele-1"/>
        <severity value="error"/>
        <human value="All FHIR elements must have a @value or children"/>
        <expression value="hasValue() or (children().count() &gt; id.count())"/>
        <source value="http://hl7.org/fhir/StructureDefinition/Element"/>
      </constraint>
      <constraint>
        <key value="ext-1"/>
        <severity value="error"/>
        <human value="Must have either extensions or value[x], not both"/>
        <expression value="extension.exists() != value.exists()"/>
        <source value="http://hl7.org/fhir/StructureDefinition/Extension"/>
      </constraint>
      <mustSupport value="false"/>
      <isModifier value="false"/>
      <isSummary value="false"/>
      <mapping>
        <identity value="rim"/>
        <map value="N/A"/>
      </mapping>
    </element>
    <element id="ActorDefinition.modifierExtension">
      <path value="ActorDefinition.modifierExtension"/>
      <short value="Extensions that cannot be ignored"/>
      <definition value="May be used to represent additional information that is not part of the basic definition of the resource and that modifies the understanding of the element that contains it and/or the understanding of the containing element's descendants. Usually modifier elements provide negation or qualification. To make the use of extensions safe and managable, there is a strict set of governance applied to the definition and use of extensions. Though any implementer is allowed to define an extension, there is a set of requirements that SHALL be met as part of the definition of the extension. Applications processing a resource are required to check for modifier extensions.&#xA;&#xA;Modifier extensions SHALL NOT change the meaning of any elements on Resource or DomainResource (including cannot change the meaning of modifierExtension itself)."/>
      <comment value="There can be no stigma associated with the use of extensions by any application, project, or standard - regardless of the institution or jurisdiction that uses or defines the extensions.  The use of extensions is what allows the FHIR specification to retain a core level of simplicity for everyone."/>
      <requirements value="Modifier extensions allow for extensions that *cannot* be safely ignored to be clearly distinguished from the vast majority of extensions which can be safely ignored.  This promotes interoperability by eliminating the need for implementers to prohibit the presence of extensions. For further information, see the [definition of modifier extensions](http://hl7.org/fhir/R5/extensibility.html#modifierExtension)."/>
      <alias value="extensions"/>
      <alias value="user content"/>
      <min value="0"/>
      <max value="*"/>
      <base>
        <path value="DomainResource.modifierExtension"/>
        <min value="0"/>
        <max value="*"/>
      </base>
      <type>
        <code value="Extension"/>
      </type>
      <constraint>
        <key value="ele-1"/>
        <severity value="error"/>
        <human value="All FHIR elements must have a @value or children"/>
        <expression value="hasValue() or (children().count() &gt; id.count())"/>
        <source value="http://hl7.org/fhir/StructureDefinition/Element"/>
      </constraint>
      <constraint>
        <key value="ext-1"/>
        <severity value="error"/>
        <human value="Must have either extensions or value[x], not both"/>
        <expression value="extension.exists() != value.exists()"/>
        <source value="http://hl7.org/fhir/StructureDefinition/Extension"/>
      </constraint>
      <mustSupport value="false"/>
      <isModifier value="true"/>
      <isModifierReason value="Modifier extensions are expected to modify the meaning or interpretation of the resource that contains them"/>
      <isSummary value="true"/>
      <mapping>
        <identity value="rim"/>
        <map value="N/A"/>
      </mapping>
    </element>
    <element id="ActorDefinition.url">
      <path value="ActorDefinition.url"/>
      <short value="Canonical identifier for this actor definition, represented as a URI (globally unique)"/>
      <definition value="An absolute URI that is used to identify this actor definition when it is referenced in a specification, model, design or an instance; also called its canonical identifier. This SHOULD be globally unique and SHOULD be a literal address at which an authoritative instance of this actor definition is (or will be) published. This URL can be the target of a canonical reference. It SHALL remain the same when the actor definition is stored on different servers."/>
      <comment value="Can be a urn:uuid: or a urn:oid: but real http: addresses are preferred.  Multiple instances may share the same URL if they have a distinct version.&#xA;&#xA;The determination of when to create a new version of a resource (same url, new version) vs. defining a new artifact is up to the author.  Considerations for making this decision are found in [Technical and Business Versions](http://hl7.org/fhir/R5/resource.html#versions). &#xA;&#xA;In some cases, the resource can no longer be found at the stated url, but the url itself cannot change. Implementations can use the [meta.source](http://hl7.org/fhir/R5/resource.html#meta) element to indicate where the current master source of the resource can be found."/>
      <requirements value="Allows the actor definition to be referenced by a single globally unique identifier."/>
      <min value="0"/>
      <max value="1"/>
      <base>
        <path value="ActorDefinition.url"/>
        <min value="0"/>
        <max value="1"/>
      </base>
      <type>
        <code value="uri"/>
      </type>
      <constraint>
        <key value="cnl-1"/>
        <severity value="warning"/>
        <human value="URL should not contain | or # - these characters make processing canonical references problematic"/>
        <expression value="exists() implies matches('^[^|# ]+$')"/>
        <source value="http://hl7.org/fhir/StructureDefinition/ActorDefinition"/>
      </constraint>
      <constraint>
        <key value="ele-1"/>
        <severity value="error"/>
        <human value="All FHIR elements must have a @value or children"/>
        <expression value="hasValue() or (children().count() &gt; id.count())"/>
        <source value="http://hl7.org/fhir/StructureDefinition/Element"/>
      </constraint>
      <mustSupport value="false"/>
      <isModifier value="false"/>
      <isSummary value="true"/>
      <mapping>
        <identity value="w5"/>
        <map value="FiveWs.identifier"/>
      </mapping>
    </element>
    <element id="ActorDefinition.identifier">
      <path value="ActorDefinition.identifier"/>
      <short value="Additional identifier for the actor definition (business identifier)"/>
      <definition value="A formal identifier that is used to identify this actor definition when it is represented in other formats, or referenced in a specification, model, design or an instance."/>
      <requirements value="Allows externally provided and/or usable business identifiers to be easily associated with the module."/>
      <min value="1"/>
      <max value="*"/>
      <base>
        <path value="ActorDefinition.identifier"/>
        <min value="0"/>
        <max value="*"/>
      </base>
      <type>
        <code value="Identifier"/>
      </type>
      <constraint>
        <key value="ele-1"/>
        <severity value="error"/>
        <human value="All FHIR elements must have a @value or children"/>
        <expression value="hasValue() or (children().count() &gt; id.count())"/>
        <source value="http://hl7.org/fhir/StructureDefinition/Element"/>
      </constraint>
      <mustSupport value="false"/>
      <isModifier value="false"/>
      <isSummary value="true"/>
      <mapping>
        <identity value="w5"/>
        <map value="FiveWs.identifier"/>
      </mapping>
    </element>
    <element id="ActorDefinition.version">
      <path value="ActorDefinition.version"/>
      <short value="Business version of the actor definition"/>
      <definition value="The identifier that is used to identify this version of the actor definition when it is referenced in a specification, model, design or instance. This is an arbitrary value managed by the actor definition author and is not expected to be globally unique. For example, it might be a timestamp (e.g. yyyymmdd) if a managed version is not available. There is also no expectation that versions can be placed in a lexicographical sequence."/>
      <comment value="There may be different actor definition instances that have the same identifier but different versions.  The version can be appended to the url in a reference to allow a reference to a particular business version of the actor definition with the format [url]|[version]. The version SHOULD NOT contain a '#' - see [Business Version](http://hl7.org/fhir/R5/resource.html#bv-format)."/>
      <min value="0"/>
      <max value="1"/>
      <base>
        <path value="ActorDefinition.version"/>
        <min value="0"/>
        <max value="1"/>
      </base>
      <type>
        <code value="string"/>
      </type>
      <constraint>
        <key value="ele-1"/>
        <severity value="error"/>
        <human value="All FHIR elements must have a @value or children"/>
        <expression value="hasValue() or (children().count() &gt; id.count())"/>
        <source value="http://hl7.org/fhir/StructureDefinition/Element"/>
      </constraint>
      <mustSupport value="false"/>
      <isModifier value="false"/>
      <isSummary value="true"/>
      <mapping>
        <identity value="w5"/>
        <map value="FiveWs.version"/>
      </mapping>
    </element>
    <element id="ActorDefinition.versionAlgorithm[x]">
      <path value="ActorDefinition.versionAlgorithm[x]"/>
      <short value="How to compare versions"/>
      <definition value="Indicates the mechanism used to compare versions to determine which is more current."/>
      <comment value="If set as a string, this is a FHIRPath expression that has two additional context variables passed in - %version1 and %version2 and will return a negative number if version1 is newer, a positive number if version2 and a 0 if the version ordering can't be successfully be determined."/>
      <min value="0"/>
      <max value="1"/>
      <base>
        <path value="ActorDefinition.versionAlgorithm[x]"/>
        <min value="0"/>
        <max value="1"/>
      </base>
      <type>
        <code value="string"/>
      </type>
      <type>
        <code value="Coding"/>
      </type>
      <constraint>
        <key value="ele-1"/>
        <severity value="error"/>
        <human value="All FHIR elements must have a @value or children"/>
        <expression value="hasValue() or (children().count() &gt; id.count())"/>
        <source value="http://hl7.org/fhir/StructureDefinition/Element"/>
      </constraint>
      <mustSupport value="false"/>
      <isModifier value="false"/>
      <isSummary value="true"/>
      <binding>
        <extension url="http://hl7.org/fhir/StructureDefinition/elementdefinition-bindingName">
          <valueString value="??"/>
        </extension>
        <strength value="extensible"/>
        <valueSet value="http://hl7.org/fhir/ValueSet/version-algorithm"/>
      </binding>
    </element>
    <element id="ActorDefinition.name">
      <path value="ActorDefinition.name"/>
      <short value="Name for this actor definition (computer friendly)"/>
      <definition value="A natural language name identifying the actor definition. This name should be usable as an identifier for the module by machine processing applications such as code generation."/>
      <comment value="The name is not expected to be globally unique. The name should be a simple alphanumeric type name to ensure that it is machine-processing friendly."/>
      <requirements value="Support human navigation and code generation."/>
      <min value="1"/>
      <max value="1"/>
      <base>
        <path value="ActorDefinition.name"/>
        <min value="0"/>
        <max value="1"/>
      </base>
      <type>
        <code value="string"/>
      </type>
      <condition value="cnl-0"/>
      <constraint>
        <key value="ele-1"/>
        <severity value="error"/>
        <human value="All FHIR elements must have a @value or children"/>
        <expression value="hasValue() or (children().count() &gt; id.count())"/>
        <source value="http://hl7.org/fhir/StructureDefinition/Element"/>
      </constraint>
      <mustSupport value="false"/>
      <isModifier value="false"/>
      <isSummary value="true"/>
    </element>
    <element id="ActorDefinition.title">
      <extension url="http://hl7.org/fhir/StructureDefinition/elementdefinition-translatable">
        <valueBoolean value="true"/>
      </extension>
      <path value="ActorDefinition.title"/>
      <short value="Name for this actor definition (human friendly)"/>
      <definition value="A short, descriptive, user-friendly title for the actor definition."/>
      <comment value="This name does not need to be machine-processing friendly and may contain punctuation, white-space, etc."/>
      <min value="1"/>
      <max value="1"/>
      <base>
        <path value="ActorDefinition.title"/>
        <min value="0"/>
        <max value="1"/>
      </base>
      <type>
        <code value="string"/>
      </type>
      <constraint>
        <key value="ele-1"/>
        <severity value="error"/>
        <human value="All FHIR elements must have a @value or children"/>
        <expression value="hasValue() or (children().count() &gt; id.count())"/>
        <source value="http://hl7.org/fhir/StructureDefinition/Element"/>
      </constraint>
      <mustSupport value="false"/>
      <isModifier value="false"/>
      <isSummary value="true"/>
    </element>
    <element id="ActorDefinition.status">
      <path value="ActorDefinition.status"/>
      <short value="draft | active | retired | unknown"/>
      <definition value="The status of this actor definition. Enables tracking the life-cycle of the content."/>
      <comment value="Allows filtering of actor definitions that are appropriate for use versus not.&#xA;&#xA;See guidance around (not) making local changes to elements [here](http://hl7.org/fhir/R5/canonicalresource.html#localization)."/>
      <min value="1"/>
      <max value="1"/>
      <base>
        <path value="ActorDefinition.status"/>
        <min value="1"/>
        <max value="1"/>
      </base>
      <type>
        <code value="code"/>
      </type>
      <constraint>
        <key value="ele-1"/>
        <severity value="error"/>
        <human value="All FHIR elements must have a @value or children"/>
        <expression value="hasValue() or (children().count() &gt; id.count())"/>
        <source value="http://hl7.org/fhir/StructureDefinition/Element"/>
      </constraint>
      <mustSupport value="true"/>
      <isModifier value="true"/>
      <isModifierReason value="This is labeled as &quot;Is Modifier&quot; because designs and applications should not use a retired ActorDefinition without due consideration"/>
      <isSummary value="true"/>
      <binding>
        <extension url="http://hl7.org/fhir/StructureDefinition/elementdefinition-bindingName">
          <valueString value="PublicationStatus"/>
        </extension>
        <extension url="http://hl7.org/fhir/StructureDefinition/elementdefinition-isCommonBinding">
          <valueBoolean value="true"/>
        </extension>
        <strength value="required"/>
        <description value="The lifecycle status of an artifact."/>
        <valueSet value="http://hl7.org/fhir/ValueSet/publication-status|5.0.0"/>
      </binding>
      <mapping>
        <identity value="w5"/>
        <map value="FiveWs.status"/>
      </mapping>
    </element>
    <element id="ActorDefinition.experimental">
      <path value="ActorDefinition.experimental"/>
      <short value="For testing purposes, not real usage"/>
      <definition value="A Boolean value to indicate that this actor definition is authored for testing purposes (or education/evaluation/marketing) and is not intended to be used for genuine usage."/>
      <comment value="Allows filtering of actor definitions that are appropriate for use versus not."/>
      <requirements value="Enables experimental content to be developed following the same lifecycle that would be used for a production-level actor definition."/>
      <min value="1"/>
      <max value="1"/>
      <base>
        <path value="ActorDefinition.experimental"/>
        <min value="0"/>
        <max value="1"/>
      </base>
      <type>
        <code value="boolean"/>
      </type>
      <meaningWhenMissing value="If absent, this resource is treated as though it is not experimental."/>
      <constraint>
        <key value="ele-1"/>
        <severity value="error"/>
        <human value="All FHIR elements must have a @value or children"/>
        <expression value="hasValue() or (children().count() &gt; id.count())"/>
        <source value="http://hl7.org/fhir/StructureDefinition/Element"/>
      </constraint>
      <mustSupport value="false"/>
      <isModifier value="false"/>
      <isSummary value="true"/>
      <mapping>
        <identity value="w5"/>
        <map value="FiveWs.class"/>
      </mapping>
    </element>
    <element id="ActorDefinition.date">
      <path value="ActorDefinition.date"/>
      <short value="Date last changed"/>
      <definition value="The date  (and optionally time) when the actor definition was last significantly changed. The date must change when the business version changes and it must change if the status code changes. In addition, it should change when the substantive content of the actor definition changes."/>
      <comment value="The date is often not tracked until the resource is published, but may be present on draft content. Note that this is not the same as the resource last-modified-date, since the resource may be a secondary representation of the actor definition. Additional specific dates may be added as extensions or be found by consulting Provenances associated with past versions of the resource.&#xA;&#xA;See guidance around (not) making local changes to elements [here](http://hl7.org/fhir/R5/canonicalresource.html#localization)."/>
      <alias value="Revision Date"/>
      <min value="0"/>
      <max value="1"/>
      <base>
        <path value="ActorDefinition.date"/>
        <min value="0"/>
        <max value="1"/>
      </base>
      <type>
        <code value="dateTime"/>
      </type>
      <constraint>
        <key value="ele-1"/>
        <severity value="error"/>
        <human value="All FHIR elements must have a @value or children"/>
        <expression value="hasValue() or (children().count() &gt; id.count())"/>
        <source value="http://hl7.org/fhir/StructureDefinition/Element"/>
      </constraint>
      <mustSupport value="false"/>
      <isModifier value="false"/>
      <isSummary value="true"/>
      <mapping>
        <identity value="w5"/>
        <map value="FiveWs.recorded"/>
      </mapping>
    </element>
    <element id="ActorDefinition.publisher">
      <extension url="http://hl7.org/fhir/StructureDefinition/elementdefinition-translatable">
        <valueBoolean value="true"/>
      </extension>
      <extension url="http://hl7.org/fhir/StructureDefinition/elementdefinition-translatable">
        <valueBoolean value="true"/>
      </extension>
      <path value="ActorDefinition.publisher"/>
      <short value="Name of the publisher/steward (organization or individual)"/>
      <definition value="The name of the organization or individual responsible for the release and ongoing maintenance of the actor definition."/>
      <comment value="Usually an organization but may be an individual. The publisher (or steward) of the actor definition is the organization or individual primarily responsible for the maintenance and upkeep of the actor definition. This is not necessarily the same individual or organization that developed and initially authored the content. The publisher is the primary point of contact for questions or issues with the actor definition. This item SHOULD be populated unless the information is available from context."/>
      <requirements value="Helps establish the &quot;authority/credibility&quot; of the actor definition.  May also allow for contact."/>
      <min value="0"/>
      <max value="1"/>
      <base>
        <path value="ActorDefinition.publisher"/>
        <min value="0"/>
        <max value="1"/>
      </base>
      <type>
        <code value="string"/>
      </type>
      <constraint>
        <key value="ele-1"/>
        <severity value="error"/>
        <human value="All FHIR elements must have a @value or children"/>
        <expression value="hasValue() or (children().count() &gt; id.count())"/>
        <source value="http://hl7.org/fhir/StructureDefinition/Element"/>
      </constraint>
      <mustSupport value="false"/>
      <isModifier value="false"/>
      <isSummary value="true"/>
      <mapping>
        <identity value="w5"/>
        <map value="FiveWs.witness"/>
      </mapping>
    </element>
    <element id="ActorDefinition.contact">
      <path value="ActorDefinition.contact"/>
      <short value="Contact details for the publisher"/>
      <definition value="Contact details to assist a user in finding and communicating with the publisher."/>
      <comment value="May be a web site, an email address, a telephone number, etc.&#xA;&#xA;See guidance around (not) making local changes to elements [here](http://hl7.org/fhir/R5/canonicalresource.html#localization)."/>
      <min value="0"/>
      <max value="*"/>
      <base>
        <path value="ActorDefinition.contact"/>
        <min value="0"/>
        <max value="*"/>
      </base>
      <type>
        <code value="ContactDetail"/>
      </type>
      <constraint>
        <key value="ele-1"/>
        <severity value="error"/>
        <human value="All FHIR elements must have a @value or children"/>
        <expression value="hasValue() or (children().count() &gt; id.count())"/>
        <source value="http://hl7.org/fhir/StructureDefinition/Element"/>
      </constraint>
      <mustSupport value="false"/>
      <isModifier value="false"/>
      <isSummary value="true"/>
    </element>
    <element id="ActorDefinition.description">
      <extension url="http://hl7.org/fhir/StructureDefinition/elementdefinition-translatable">
        <valueBoolean value="true"/>
      </extension>
      <path value="ActorDefinition.description"/>
      <short value="Natural language description of the actor"/>
      <definition value="A free text natural language description of the actor."/>
      <comment value="This description can be used for a general description of the actor, and which covers why it was defined."/>
      <alias value="Scope"/>
      <alias value="Purpose"/>
      <min value="1"/>
      <max value="1"/>
      <base>
        <path value="ActorDefinition.description"/>
        <min value="0"/>
        <max value="1"/>
      </base>
      <type>
        <code value="markdown"/>
      </type>
      <constraint>
        <key value="ele-1"/>
        <severity value="error"/>
        <human value="All FHIR elements must have a @value or children"/>
        <expression value="hasValue() or (children().count() &gt; id.count())"/>
        <source value="http://hl7.org/fhir/StructureDefinition/Element"/>
      </constraint>
      <mustSupport value="false"/>
      <isModifier value="false"/>
      <isSummary value="false"/>
    </element>
    <element id="ActorDefinition.useContext">
      <extension url="http://hl7.org/fhir/StructureDefinition/structuredefinition-standards-status">
        <valueCode value="trial-use"/>
      </extension>
      <path value="ActorDefinition.useContext"/>
      <short value="The context that the content is intended to support"/>
      <definition value="The content was developed with a focus and intent of supporting the contexts that are listed. These contexts may be general categories (gender, age, ...) or may be references to specific programs (insurance plans, studies, ...) and may be used to assist with indexing and searching for appropriate actor definition instances."/>
      <comment value="When multiple useContexts are specified, there is no expectation that all or any of the contexts apply."/>
      <requirements value="Assist in searching for appropriate content."/>
      <min value="0"/>
      <max value="*"/>
      <base>
        <path value="ActorDefinition.useContext"/>
        <min value="0"/>
        <max value="*"/>
      </base>
      <type>
        <code value="UsageContext"/>
      </type>
      <constraint>
        <key value="ele-1"/>
        <severity value="error"/>
        <human value="All FHIR elements must have a @value or children"/>
        <expression value="hasValue() or (children().count() &gt; id.count())"/>
        <source value="http://hl7.org/fhir/StructureDefinition/Element"/>
      </constraint>
      <mustSupport value="false"/>
      <isModifier value="false"/>
      <isSummary value="true"/>
    </element>
    <element id="ActorDefinition.jurisdiction">
      <extension url="http://hl7.org/fhir/StructureDefinition/structuredefinition-standards-status">
        <valueCode value="deprecated"/>
      </extension>
      <path value="ActorDefinition.jurisdiction"/>
      <short value="Intended jurisdiction for actor definition (if applicable)"/>
      <definition value="A legal or geographic region in which the actor definition is intended to be used."/>
      <comment value="It may be possible for the actor definition to be used in jurisdictions other than those for which it was originally designed or intended.&#xA;&#xA;DEPRECATION NOTE: For consistency, implementations are encouraged to migrate to using the new 'jurisdiction' code in the useContext element.  (I.e. useContext.code indicating http://terminology.hl7.org/CodeSystem/usage-context-type#jurisdiction and useContext.valueCodeableConcept indicating the jurisdiction.)"/>
      <min value="0"/>
      <max value="*"/>
      <base>
        <path value="ActorDefinition.jurisdiction"/>
        <min value="0"/>
        <max value="*"/>
      </base>
      <type>
        <code value="CodeableConcept"/>
      </type>
      <constraint>
        <key value="ele-1"/>
        <severity value="error"/>
        <human value="All FHIR elements must have a @value or children"/>
        <expression value="hasValue() or (children().count() &gt; id.count())"/>
        <source value="http://hl7.org/fhir/StructureDefinition/Element"/>
      </constraint>
      <mustSupport value="false"/>
      <isModifier value="false"/>
      <isSummary value="true"/>
      <binding>
        <extension url="http://hl7.org/fhir/StructureDefinition/elementdefinition-bindingName">
          <valueString value="Jurisdiction"/>
        </extension>
        <extension url="http://hl7.org/fhir/StructureDefinition/elementdefinition-isCommonBinding">
          <valueBoolean value="true"/>
        </extension>
        <strength value="extensible"/>
        <description value="Countries and regions within which this artifact is targeted for use."/>
        <valueSet value="http://hl7.org/fhir/ValueSet/jurisdiction"/>
      </binding>
    </element>
    <element id="ActorDefinition.purpose">
      <extension url="http://hl7.org/fhir/StructureDefinition/elementdefinition-translatable">
        <valueBoolean value="true"/>
      </extension>
      <extension url="http://hl7.org/fhir/StructureDefinition/elementdefinition-translatable">
        <valueBoolean value="true"/>
      </extension>
      <path value="ActorDefinition.purpose"/>
      <short value="Why this actor definition is defined"/>
      <definition value="Explanation of why this actor definition is needed and why it has been designed as it has."/>
      <comment value="This element does not describe the usage of the actor definition. Instead, it provides traceability of ''why'' the resource is either needed or ''why'' it is defined as it is.  This may be used to point to source materials or specifications that drove the structure of this actor definition."/>
      <min value="0"/>
      <max value="1"/>
      <base>
        <path value="ActorDefinition.purpose"/>
        <min value="0"/>
        <max value="1"/>
      </base>
      <type>
        <code value="markdown"/>
      </type>
      <constraint>
        <key value="ele-1"/>
        <severity value="error"/>
        <human value="All FHIR elements must have a @value or children"/>
        <expression value="hasValue() or (children().count() &gt; id.count())"/>
        <source value="http://hl7.org/fhir/StructureDefinition/Element"/>
      </constraint>
      <mustSupport value="false"/>
      <isModifier value="false"/>
      <isSummary value="false"/>
      <mapping>
        <identity value="w5"/>
        <map value="FiveWs.why[x]"/>
      </mapping>
    </element>
    <element id="ActorDefinition.copyright">
      <extension url="http://hl7.org/fhir/StructureDefinition/elementdefinition-translatable">
        <valueBoolean value="true"/>
      </extension>
      <extension url="http://hl7.org/fhir/StructureDefinition/elementdefinition-translatable">
        <valueBoolean value="true"/>
      </extension>
      <path value="ActorDefinition.copyright"/>
      <short value="Use and/or publishing restrictions"/>
      <definition value="A copyright statement relating to the actor definition and/or its contents. Copyright statements are generally legal restrictions on the use and publishing of the actor definition."/>
      <comment value="..."/>
      <requirements value="Consumers must be able to determine any legal restrictions on the use of the actor definition."/>
      <alias value="License"/>
      <alias value="Restrictions"/>
      <min value="0"/>
      <max value="1"/>
      <base>
        <path value="ActorDefinition.copyright"/>
        <min value="0"/>
        <max value="1"/>
      </base>
      <type>
        <code value="markdown"/>
      </type>
      <constraint>
        <key value="ele-1"/>
        <severity value="error"/>
        <human value="All FHIR elements must have a @value or children"/>
        <expression value="hasValue() or (children().count() &gt; id.count())"/>
        <source value="http://hl7.org/fhir/StructureDefinition/Element"/>
      </constraint>
      <mustSupport value="false"/>
      <isModifier value="false"/>
      <isSummary value="false"/>
    </element>
    <element id="ActorDefinition.copyrightLabel">
      <extension url="http://hl7.org/fhir/StructureDefinition/elementdefinition-translatable">
        <valueBoolean value="true"/>
      </extension>
      <extension url="http://hl7.org/fhir/StructureDefinition/elementdefinition-translatable">
        <valueBoolean value="true"/>
      </extension>
      <path value="ActorDefinition.copyrightLabel"/>
      <short value="Copyright holder and year(s)"/>
      <definition value="A short string (&lt;50 characters), suitable for inclusion in a page footer that identifies the copyright holder, effective period, and optionally whether rights are resctricted. (e.g. 'All rights reserved', 'Some rights reserved')."/>
      <comment value="The (c) symbol should NOT be included in this string. It will be added by software when rendering the notation. Full details about licensing, restrictions, warrantees, etc. goes in the more general 'copyright' element."/>
      <requirements value="Defines the content expected to be rendered in all representations of the artifact."/>
      <min value="0"/>
      <max value="1"/>
      <base>
        <path value="ActorDefinition.copyrightLabel"/>
        <min value="0"/>
        <max value="1"/>
      </base>
      <type>
        <code value="string"/>
      </type>
      <constraint>
        <key value="ele-1"/>
        <severity value="error"/>
        <human value="All FHIR elements must have a @value or children"/>
        <expression value="hasValue() or (children().count() &gt; id.count())"/>
        <source value="http://hl7.org/fhir/StructureDefinition/Element"/>
      </constraint>
      <mustSupport value="false"/>
      <isModifier value="false"/>
      <isSummary value="false"/>
    </element>
    <element id="ActorDefinition.type">
      <path value="ActorDefinition.type"/>
      <short value="person | system"/>
      <definition value="Whether the actor represents a human or an appliction."/>
      <min value="1"/>
      <max value="1"/>
      <base>
        <path value="ActorDefinition.type"/>
        <min value="1"/>
        <max value="1"/>
      </base>
      <type>
        <code value="code"/>
      </type>
      <patternCode value="person"/>
      <constraint>
        <key value="ele-1"/>
        <severity value="error"/>
        <human value="All FHIR elements must have a @value or children"/>
        <expression value="hasValue() or (children().count() &gt; id.count())"/>
        <source value="http://hl7.org/fhir/StructureDefinition/Element"/>
      </constraint>
      <mustSupport value="false"/>
      <isModifier value="false"/>
      <isSummary value="true"/>
      <binding>
        <extension url="http://hl7.org/fhir/StructureDefinition/elementdefinition-bindingName">
          <valueString value="ExampleScenarioActorType"/>
        </extension>
        <strength value="required"/>
        <description value="The type of actor - system or human."/>
        <valueSet value="http://hl7.org/fhir/ValueSet/examplescenario-actor-type|5.0.0"/>
      </binding>
    </element>
    <element id="ActorDefinition.documentation">
      <extension url="http://hl7.org/fhir/StructureDefinition/elementdefinition-translatable">
        <valueBoolean value="true"/>
      </extension>
      <extension url="http://hl7.org/fhir/StructureDefinition/elementdefinition-translatable">
        <valueBoolean value="true"/>
      </extension>
      <path value="ActorDefinition.documentation"/>
      <short value="Functionality associated with the actor"/>
      <definition value="Documentation about the functionality of the actor."/>
      <comment value="In general terms, the description desribes what the actor is, and this element describes what the actor does (or is expected to do)."/>
      <min value="0"/>
      <max value="1"/>
      <base>
        <path value="ActorDefinition.documentation"/>
        <min value="0"/>
        <max value="1"/>
      </base>
      <type>
        <code value="markdown"/>
      </type>
      <constraint>
        <key value="ele-1"/>
        <severity value="error"/>
        <human value="All FHIR elements must have a @value or children"/>
        <expression value="hasValue() or (children().count() &gt; id.count())"/>
        <source value="http://hl7.org/fhir/StructureDefinition/Element"/>
      </constraint>
      <mustSupport value="false"/>
      <isModifier value="false"/>
      <isSummary value="false"/>
    </element>
    <element id="ActorDefinition.reference">
      <path value="ActorDefinition.reference"/>
      <short value="Reference to more information about the actor"/>
      <definition value="A reference to additional documentation about the actor, but description and documentation."/>
      <min value="0"/>
      <max value="*"/>
      <base>
        <path value="ActorDefinition.reference"/>
        <min value="0"/>
        <max value="*"/>
      </base>
      <type>
        <code value="url"/>
      </type>
      <constraint>
        <key value="ele-1"/>
        <severity value="error"/>
        <human value="All FHIR elements must have a @value or children"/>
        <expression value="hasValue() or (children().count() &gt; id.count())"/>
        <source value="http://hl7.org/fhir/StructureDefinition/Element"/>
      </constraint>
      <mustSupport value="false"/>
      <isModifier value="false"/>
      <isSummary value="false"/>
    </element>
    <element id="ActorDefinition.capabilities">
      <path value="ActorDefinition.capabilities"/>
      <short value="CapabilityStatement for the actor (if applicable)"/>
      <definition value="The capability statement for the actor (if the concept is applicable)."/>
      <min value="0"/>
      <max value="1"/>
      <base>
        <path value="ActorDefinition.capabilities"/>
        <min value="0"/>
        <max value="1"/>
      </base>
      <type>
        <code value="canonical"/>
        <targetProfile value="http://hl7.org/fhir/StructureDefinition/CapabilityStatement"/>
      </type>
      <constraint>
        <key value="ele-1"/>
        <severity value="error"/>
        <human value="All FHIR elements must have a @value or children"/>
        <expression value="hasValue() or (children().count() &gt; id.count())"/>
        <source value="http://hl7.org/fhir/StructureDefinition/Element"/>
      </constraint>
      <mustSupport value="false"/>
      <isModifier value="false"/>
      <isSummary value="false"/>
    </element>
    <element id="ActorDefinition.derivedFrom">
      <path value="ActorDefinition.derivedFrom"/>
      <short value="Definition of this actor in another context / IG"/>
      <definition value="A url that identifies the definition of this actor in another IG (which IG must be listed in the dependencies). This actor inherits all the obligations etc. as defined in the other IG."/>
      <min value="0"/>
      <max value="*"/>
      <base>
        <path value="ActorDefinition.derivedFrom"/>
        <min value="0"/>
        <max value="*"/>
      </base>
      <type>
        <extension url="http://hl7.org/fhir/StructureDefinition/structuredefinition-hierarchy">
          <valueBoolean value="true"/>
        </extension>
        <code value="canonical"/>
        <targetProfile value="http://hl7.org/fhir/StructureDefinition/ActorDefinition"/>
      </type>
      <constraint>
        <key value="ele-1"/>
        <severity value="error"/>
        <human value="All FHIR elements must have a @value or children"/>
        <expression value="hasValue() or (children().count() &gt; id.count())"/>
        <source value="http://hl7.org/fhir/StructureDefinition/Element"/>
      </constraint>
      <mustSupport value="false"/>
      <isModifier value="false"/>
      <isSummary value="false"/>
    </element>
  </snapshot>
  <differential>
    <element id="ActorDefinition">
      <path value="ActorDefinition"/>
    </element>
    <element id="ActorDefinition.identifier">
      <path value="ActorDefinition.identifier"/>
      <min value="1"/>
    </element>
    <element id="ActorDefinition.name">
      <path value="ActorDefinition.name"/>
      <min value="1"/>
    </element>
    <element id="ActorDefinition.title">
      <path value="ActorDefinition.title"/>
      <min value="1"/>
    </element>
    <element id="ActorDefinition.status">
      <path value="ActorDefinition.status"/>
      <mustSupport value="true"/>
    </element>
    <element id="ActorDefinition.experimental">
      <path value="ActorDefinition.experimental"/>
      <min value="1"/>
    </element>
    <element id="ActorDefinition.description">
      <path value="ActorDefinition.description"/>
      <min value="1"/>
    </element>
    <element id="ActorDefinition.type">
      <path value="ActorDefinition.type"/>
      <patternCode value="person"/>
    </element>
  </differential>
</StructureDefinition>